Workbook

Sheet 商品データ
A1: 商品コード | B1: 商品名 | C1: 番地 (アルファベット) | D1: 【補助列】 | E1: 部屋名 | F1: 部屋番号 | G1: 【補助列】 | H1: 46260 | J1: 部屋番号 | K1: 部屋名
A2: A00103 | B2: =IFERROR( INDEX([1]FSHIP!B:B,MATCH(A2,[1]FSHIP!A:A,0)), IFERROR( INDEX([1]釣具商品ship!B:B,MATCH(A2,[1]釣具商品ship!A:A,0)), IFERROR( INDEX([1]玩具商品ship!B:B,MATCH(A2,[1]玩具商品ship!A:A,0)), IFERROR( INDEX([1]OEMship!B:B,MATCH(A2,[1]OEMship!A:A,0)), IFERROR( INDEX([1]NV6ship!B:B,MATCH(A2,[1]NV6ship!A:A,0)), IFERROR( INDEX([1]NVship!B:B,MATCH(A2,[1]NVship!A:A,0)), IFERROR( INDEX([1]海ship!B:B,MATCH(A2,[1]海ship!A:A,0)), IFERROR( INDEX([1]ｾﾚship!B:B,MATCH(A2,[1]ｾﾚship!A:A,0)), IFERROR( INDEX([1]ｾﾚﾓﾆｰ商品ship!B:B,MATCH(A2,[1]ｾﾚﾓﾆｰ商品ship!A:A,0)), INDEX([2]NV!D:D,MATCH(A2,[2]NV!C:C,0)) ) ) ) ) ) ) ) ) ) -> ケミホタル２０ セット | C2: I | D2: =B2&" ｜ "&E2&"【"&F2&"】 ｜ "&C2 -> ケミホタル２０ セット ｜ 1F釣具部屋【04】 ｜ I | E2: =INDEX(K:K, MATCH(F2, J:J, 0)) -> 1F釣具部屋 | F2: 04 | G2: =F2&"・"&E2&C2 -> 04・1F釣具部屋I | J2: 01 | K2: テント倉庫
A3: A00209 | B3: =IFERROR( INDEX([1]FSHIP!B:B,MATCH(A3,[1]FSHIP!A:A,0)), IFERROR( INDEX([1]釣具商品ship!B:B,MATCH(A3,[1]釣具商品ship!A:A,0)), IFERROR( INDEX([1]玩具商品ship!B:B,MATCH(A3,[1]玩具商品ship!A:A,0)), IFERROR( INDEX([1]OEMship!B:B,MATCH(A3,[1]OEMship!A:A,0)), IFERROR( INDEX([1]NV6ship!B:B,MATCH(A3,[1]NV6ship!A:A,0)), IFERROR( INDEX([1]NVship!B:B,MATCH(A3,[1]NVship!A:A,0)), IFERROR( INDEX([1]海ship!B:B,MATCH(A3,[1]海ship!A:A,0)), IFERROR( INDEX([1]ｾﾚship!B:B,MATCH(A3,[1]ｾﾚship!A:A,0)), IFERROR( INDEX([1]ｾﾚﾓﾆｰ商品ship!B:B,MATCH(A3,[1]ｾﾚﾓﾆｰ商品ship!A:A,0)), INDEX([2]NV!D:D,MATCH(A3,[2]NV!C:C,0)) ) ) ) ) ) ) ) ) ) -> ケミホタル25イエロー(2本入り) | C3: H | D3: =B3&" ｜ "&E3&"【"&F3&"】 ｜ "&C3 -> ケミホタル25イエロー(2本入り) ｜ 1F釣具部屋【04】 ｜ H | E3: =INDEX(K:K, MATCH(F3, J:J, 0)) -> 1F釣具部屋 | F3: 04 | G3: =F3&"・"&E3&C3 -> 04・1F釣具部屋H | J3: 02
A4: A00210 | B4: =IFERROR( INDEX([1]FSHIP!B:B,MATCH(A4,[1]FSHIP!A:A,0)), IFERROR( INDEX([1]釣具商品ship!B:B,MATCH(A4,[1]釣具商品ship!A:A,0)), IFERROR( INDEX([1]玩具商品ship!B:B,MATCH(A4,[1]玩具商品ship!A:A,0)), IFERROR( INDEX([1]OEMship!B:B,MATCH(A4,[1]OEMship!A:A,0)), IFERROR( INDEX([1]NV6ship!B:B,MATCH(A4,[1]NV6ship!A:A,0)), IFERROR( INDEX([1]NVship!B:B,MATCH(A4,[1]NVship!A:A,0)), IFERROR( INDEX([1]海ship!B:B,MATCH(A4,[1]海ship!A:A,0)), IFERROR( INDEX([1]ｾﾚship!B:B,MATCH(A4,[1]ｾﾚship!A:A,0)), IFERROR( INDEX([1]ｾﾚﾓﾆｰ商品ship!B:B,MATCH(A4,[1]ｾﾚﾓﾆｰ商品ship!A:A,0)), INDEX([2]NV!D:D,MATCH(A4,[2]NV!C:C,0)) ) ) ) ) ) ) ) ) ) -> ケミホタル25レッド(2本入り) | C4: H | D4: =B4&" ｜ "&E4&"【"&F4&"】 ｜ "&C4 -> ケミホタル25レッド(2本入り) ｜ 1F釣具部屋【04】 ｜ H | E4: =INDEX(K:K, MATCH(F4, J:J, 0)) -> 1F釣具部屋 | F4: 04 | G4: =F4&"・"&E4&C4 -> 04・1F釣具部屋H | J4: 03 | K4: 1Fノベルティ
A5: A00211 | B5: =IFERROR( INDEX([1]FSHIP!B:B,MATCH(A5,[1]FSHIP!A:A,0)), IFERROR( INDEX([1]釣具商品ship!B:B,MATCH(A5,[1]釣具商品ship!A:A,0)), IFERROR( INDEX([1]玩具商品ship!B:B,MATCH(A5,[1]玩具商品ship!A:A,0)), IFERROR( INDEX([1]OEMship!B:B,MATCH(A5,[1]OEMship!A:A,0)), IFERROR( INDEX([1]NV6ship!B:B,MATCH(A5,[1]NV6ship!A:A,0)), IFERROR( INDEX([1]NVship!B:B,MATCH(A5,[1]NVship!A:A,0)), IFERROR( INDEX([1]海ship!B:B,MATCH(A5,[1]海ship!A:A,0)), IFERROR( INDEX([1]ｾﾚship!B:B,MATCH(A5,[1]ｾﾚship!A:A,0)), IFERROR( INDEX([1]ｾﾚﾓﾆｰ商品ship!B:B,MATCH(A5,[1]ｾﾚﾓﾆｰ商品ship!A:A,0)), INDEX([2]NV!D:D,MATCH(A5,[2]NV!C:C,0)) ) ) ) ) ) ) ) ) ) -> ケミホタル25イエロー(2本入) 3枚ｾｯﾄ | C5: M | D5: =B5&" ｜ "&E5&"【"&F5&"】 ｜ "&C5 -> ケミホタル25イエロー(2本入) 3枚ｾｯﾄ ｜ 1F釣具部屋【04】 ｜ M | E5: =INDEX(K:K, MATCH(F5, J:J, 0)) -> 1F釣具部屋 | F5: 04 | G5: =F5&"・"&E5&C5 -> 04・1F釣具部屋M | J5: 04 | K5: 1F釣具部屋
A6: A00309 | B6: =IFERROR( INDEX([1]FSHIP!B:B,MATCH(A6,[1]FSHIP!A:A,0)), IFERROR( INDEX([1]釣具商品ship!B:B,MATCH(A6,[1]釣具商品ship!A:A,0)), IFERROR( INDEX([1]玩具商品ship!B:B,MATCH(A6,[1]玩具商品ship!A:A,0)), IFERROR( INDEX([1]OEMship!B:B,MATCH(A6,[1]OEMship!A:A,0)), IFERROR( INDEX([1]NV6ship!B:B,MATCH(A6,[1]NV6ship!A:A,0)), IFERROR( INDEX([1]NVship!B:B,MATCH(A6,[1]NVship!A:A,0)), IFERROR( INDEX([1]海ship!B:B,MATCH(A6,[1]海ship!A:A,0)), IFERROR( INDEX([1]ｾﾚship!B:B,MATCH(A6,[1]ｾﾚship!A:A,0)), IFERROR( INDEX([1]ｾﾚﾓﾆｰ商品ship!B:B,MATCH(A6,[1]ｾﾚﾓﾆｰ商品ship!A:A,0)), INDEX([2]NV!D:D,MATCH(A6,[2]NV!C:C,0)) ) ) ) ) ) ) ) ) ) -> ケミホタル37イエロー(2本入り) | C6: H | D6: =B6&" ｜ "&E6&"【"&F6&"】 ｜ "&C6 -> ケミホタル37イエロー(2本入り) ｜ 1F釣具部屋【04】 ｜ H | E6: =INDEX(K:K, MATCH(F6, J:J, 0)) -> 1F釣具部屋 | F6: 04 | G6: =F6&"・"&E6&C6 -> 04・1F釣具部屋H | J6: 05 | K6: 2F
A7: A00310 | B7: =IFERROR( INDEX([1]FSHIP!B:B,MATCH(A7,[1]FSHIP!A:A,0)), IFERROR( INDEX([1]釣具商品ship!B:B,MATCH(A7,[1]釣具商品ship!A:A,0)), IFERROR( INDEX([1]玩具商品ship!B:B,MATCH(A7,[1]玩具商品ship!A:A,0)), IFERROR( INDEX([1]OEMship!B:B,MATCH(A7,[1]OEMship!A:A,0)), IFERROR( INDEX([1]NV6ship!B:B,MATCH(A7,[1]NV6ship!A:A,0)), IFERROR( INDEX([1]NVship!B:B,MATCH(A7,[1]NVship!A:A,0)), IFERROR( INDEX([1]海ship!B:B,MATCH(A7,[1]海ship!A:A,0)), IFERROR( INDEX([1]ｾﾚship!B:B,MATCH(A7,[1]ｾﾚship!A:A,0)), IFERROR( INDEX([1]ｾﾚﾓﾆｰ商品ship!B:B,MATCH(A7,[1]ｾﾚﾓﾆｰ商品ship!A:A,0)), INDEX([2]NV!D:D,MATCH(A7,[2]NV!C:C,0)) ) ) ) ) ) ) ) ) ) -> ケミホタル37レッド(2本入り) | C7: I | D7: =B7&" ｜ "&E7&"【"&F7&"】 ｜ "&C7 -> ケミホタル37レッド(2本入り) ｜ 1F釣具部屋【04】 ｜ I | E7: =INDEX(K:K, MATCH(F7, J:J, 0)) -> 1F釣具部屋 | F7: 04 | G7: =F7&"・"&E7&C7 -> 04・1F釣具部屋I | J7: 06 | K7: 2F渡り廊下
A8: A00311 | B8: =IFERROR( INDEX([1]FSHIP!B:B,MATCH(A8,[1]FSHIP!A:A,0)), IFERROR( INDEX([1]釣具商品ship!B:B,MATCH(A8,[1]釣具商品ship!A:A,0)), IFERROR( INDEX([1]玩具商品ship!B:B,MATCH(A8,[1]玩具商品ship!A:A,0)), IFERROR( INDEX([1]OEMship!B:B,MATCH(A8,[1]OEMship!A:A,0)), IFERROR( INDEX([1]NV6ship!B:B,MATCH(A8,[1]NV6ship!A:A,0)), IFERROR( INDEX([1]NVship!B:B,MATCH(A8,[1]NVship!A:A,0)), IFERROR( INDEX([1]海ship!B:B,MATCH(A8,[1]海ship!A:A,0)), IFERROR( INDEX([1]ｾﾚship!B:B,MATCH(A8,[1]ｾﾚship!A:A,0)), IFERROR( INDEX([1]ｾﾚﾓﾆｰ商品ship!B:B,MATCH(A8,[1]ｾﾚﾓﾆｰ商品ship!A:A,0)), INDEX([2]NV!D:D,MATCH(A8,[2]NV!C:C,0)) ) ) ) ) ) ) ) ) ) -> ケミホタル37イエロー(2本入) 3枚ｾｯﾄ | C8: M | D8: =B8&" ｜ "&E8&"【"&F8&"】 ｜ "&C8 -> ケミホタル37イエロー(2本入) 3枚ｾｯﾄ ｜ 1F釣具部屋【04】 ｜ M | E8: =INDEX(K:K, MATCH(F8, J:J, 0)) -> 1F釣具部屋 | F8: 04 | G8: =F8&"・"&E8&C8 -> 04・1F釣具部屋M | J8: 10 | K8: 資材倉庫・ノベルティ
A9: A00409 | B9: =IFERROR( INDEX([1]FSHIP!B:B,MATCH(A9,[1]FSHIP!A:A,0)), IFERROR( INDEX([1]釣具商品ship!B:B,MATCH(A9,[1]釣具商品ship!A:A,0)), IFERROR( INDEX([1]玩具商品ship!B:B,MATCH(A9,[1]玩具商品ship!A:A,0)), IFERROR( INDEX([1]OEMship!B:B,MATCH(A9,[1]OEMship!A:A,0)), IFERROR( INDEX([1]NV6ship!B:B,MATCH(A9,[1]NV6ship!A:A,0)), IFERROR( INDEX([1]NVship!B:B,MATCH(A9,[1]NVship!A:A,0)), IFERROR( INDEX([1]海ship!B:B,MATCH(A9,[1]海ship!A:A,0)), IFERROR( INDEX([1]ｾﾚship!B:B,MATCH(A9,[1]ｾﾚship!A:A,0)), IFERROR( INDEX([1]ｾﾚﾓﾆｰ商品ship!B:B,MATCH(A9,[1]ｾﾚﾓﾆｰ商品ship!A:A,0)), INDEX([2]NV!D:D,MATCH(A9,[2]NV!C:C,0)) ) ) ) ) ) ) ) ) ) -> ケミホタル50イエロー(2本入り) | C9: H | D9: =B9&" ｜ "&E9&"【"&F9&"】 ｜ "&C9 -> ケミホタル50イエロー(2本入り) ｜ 1F釣具部屋【04】 ｜ H | E9: =INDEX(K:K, MATCH(F9, J:J, 0)) -> 1F釣具部屋 | F9: 04 | G9: =F9&"・"&E9&C9 -> 04・1F釣具部屋H | J9: 11 | K9: 資材倉庫・Irod
A10: A00410 | B10: =IFERROR( INDEX([1]FSHIP!B:B,MATCH(A10,[1]FSHIP!A:A,0)), IFERROR( INDEX([1]釣具商品ship!B:B,MATCH(A10,[1]釣具商品ship!A:A,0)), IFERROR( INDEX([1]玩具商品ship!B:B,MATCH(A10,[1]玩具商品ship!A:A,0)), IFERROR( INDEX([1]OEMship!B:B,MATCH(A10,[1]OEMship!A:A,0)), IFERROR( INDEX([1]NV6ship!B:B,MATCH(A10,[1]NV6ship!A:A,0)), IFERROR( INDEX([1]NVship!B:B,MATCH(A10,[1]NVship!A:A,0)), IFERROR( INDEX([1]海ship!B:B,MATCH(A10,[1]海ship!A:A,0)), IFERROR( INDEX([1]ｾﾚship!B:B,MATCH(A10,[1]ｾﾚship!A:A,0)), IFERROR( INDEX([1]ｾﾚﾓﾆｰ商品ship!B:B,MATCH(A10,[1]ｾﾚﾓﾆｰ商品ship!A:A,0)), INDEX([2]NV!D:D,MATCH(A10,[2]NV!C:C,0)) ) ) ) ) ) ) ) ) ) -> ケミホタル50レッド(2本入り) | C10: J | D10: =B10&" ｜ "&E10&"【"&F10&"】 ｜ "&C10 -> ケミホタル50レッド(2本入り) ｜ 1F釣具部屋【04】 ｜ J | E10: =INDEX(K:K, MATCH(F10, J:J, 0)) -> 1F釣具部屋 | F10: 04 | G10: =F10&"・"&E10&C10 -> 04・1F釣具部屋J | J10: X99 | K10: 資材倉庫・2F
A11: A00411 | B11: =IFERROR( INDEX([1]FSHIP!B:B,MATCH(A11,[1]FSHIP!A:A,0)), IFERROR( INDEX([1]釣具商品ship!B:B,MATCH(A11,[1]釣具商品ship!A:A,0)), IFERROR( INDEX([1]玩具商品ship!B:B,MATCH(A11,[1]玩具商品ship!A:A,0)), IFERROR( INDEX([1]OEMship!B:B,MATCH(A11,[1]OEMship!A:A,0)), IFERROR( INDEX([1]NV6ship!B:B,MATCH(A11,[1]NV6ship!A:A,0)), IFERROR( INDEX([1]NVship!B:B,MATCH(A11,[1]NVship!A:A,0)), IFERROR( INDEX([1]海ship!B:B,MATCH(A11,[1]海ship!A:A,0)), IFERROR( INDEX([1]ｾﾚship!B:B,MATCH(A11,[1]ｾﾚship!A:A,0)), IFERROR( INDEX([1]ｾﾚﾓﾆｰ商品ship!B:B,MATCH(A11,[1]ｾﾚﾓﾆｰ商品ship!A:A,0)), INDEX([2]NV!D:D,MATCH(A11,[2]NV!C:C,0)) ) ) ) ) ) ) ) ) ) -> ケミホタル50イエロー(2本入) 3枚ｾｯﾄ | C11: M | D11: =B11&" ｜ "&E11&"【"&F11&"】 ｜ "&C11 -> ケミホタル50イエロー(2本入) 3枚ｾｯﾄ ｜ 1F釣具部屋【04】 ｜ M | E11: =INDEX(K:K, MATCH(F11, J:J, 0)) -> 1F釣具部屋 | F11: 04 | G11: =F11&"・"&E11&C11 -> 04・1F釣具部屋M
A12: A00509 | B12: =IFERROR( INDEX([1]FSHIP!B:B,MATCH(A12,[1]FSHIP!A:A,0)), IFERROR( INDEX([1]釣具商品ship!B:B,MATCH(A12,[1]釣具商品ship!A:A,0)), IFERROR( INDEX([1]玩具商品ship!B:B,MATCH(A12,[1]玩具商品ship!A:A,0)), IFERROR( INDEX([1]OEMship!B:B,MATCH(A12,[1]OEMship!A:A,0)), IFERROR( INDEX([1]NV6ship!B:B,MATCH(A12,[1]NV6ship!A:A,0)), IFERROR( INDEX([1]NVship!B:B,MATCH(A12,[1]NVship!A:A,0)), IFERROR( INDEX([1]海ship!B:B,MATCH(A12,[1]海ship!A:A,0)), IFERROR( INDEX([1]ｾﾚship!B:B,MATCH(A12,[1]ｾﾚship!A:A,0)), IFERROR( INDEX([1]ｾﾚﾓﾆｰ商品ship!B:B,MATCH(A12,[1]ｾﾚﾓﾆｰ商品ship!A:A,0)), INDEX([2]NV!D:D,MATCH(A12,[2]NV!C:C,0)) ) ) ) ) ) ) ) ) ) -> ケミホタル75イエロー(2本入り) | C12: H | D12: =B12&" ｜ "&E12&"【"&F12&"】 ｜ "&C12 -> ケミホタル75イエロー(2本入り) ｜ 1F釣具部屋【04】 ｜ H | E12: =INDEX(K:K, MATCH(F12, J:J, 0)) -> 1F釣具部屋 | F12: 04 | G12: =F12&"・"&E12&C12 -> 04・1F釣具部屋H
A13: A00510 | B13: =IFERROR( INDEX([1]FSHIP!B:B,MATCH(A13,[1]FSHIP!A:A,0)), IFERROR( INDEX([1]釣具商品ship!B:B,MATCH(A13,[1]釣具商品ship!A:A,0)), IFERROR( INDEX([1]玩具商品ship!B:B,MATCH(A13,[1]玩具商品ship!A:A,0)), IFERROR( INDEX([1]OEMship!B:B,MATCH(A13,[1]OEMship!A:A,0)), IFERROR( INDEX([1]NV6ship!B:B,MATCH(A13,[1]NV6ship!A:A,0)), IFERROR( INDEX([1]NVship!B:B,MATCH(A13,[1]NVship!A:A,0)), IFERROR( INDEX([1]海ship!B:B,MATCH(A13,[1]海ship!A:A,0)), IFERROR( INDEX([1]ｾﾚship!B:B,MATCH(A13,[1]ｾﾚship!A:A,0)), IFERROR( INDEX([1]ｾﾚﾓﾆｰ商品ship!B:B,MATCH(A13,[1]ｾﾚﾓﾆｰ商品ship!A:A,0)), INDEX([2]NV!D:D,MATCH(A13,[2]NV!C:C,0)) ) ) ) ) ) ) ) ) ) -> ケミホタル75レッド(2本入り) | C13: K | D13: =B13&" ｜ "&E13&"【"&F13&"】 ｜ "&C13 -> ケミホタル75レッド(2本入り) ｜ 1F釣具部屋【04】 ｜ K | E13: =INDEX(K:K, MATCH(F13, J:J, 0)) -> 1F釣具部屋 | F13: 04 | G13: =F13&"・"&E13&C13 -> 04・1F釣具部屋K
A14: A00511 | B14: =IFERROR( INDEX([1]FSHIP!B:B,MATCH(A14,[1]FSHIP!A:A,0)), IFERROR( INDEX([1]釣具商品ship!B:B,MATCH(A14,[1]釣具商品ship!A:A,0)), IFERROR( INDEX([1]玩具商品ship!B:B,MATCH(A14,[1]玩具商品ship!A:A,0)), IFERROR( INDEX([1]OEMship!B:B,MATCH(A14,[1]OEMship!A:A,0)), IFERROR( INDEX([1]NV6ship!B:B,MATCH(A14,[1]NV6ship!A:A,0)), IFERROR( INDEX([1]NVship!B:B,MATCH(A14,[1]NVship!A:A,0)), IFERROR( INDEX([1]海ship!B:B,MATCH(A14,[1]海ship!A:A,0)), IFERROR( INDEX([1]ｾﾚship!B:B,MATCH(A14,[1]ｾﾚship!A:A,0)), IFERROR( INDEX([1]ｾﾚﾓﾆｰ商品ship!B:B,MATCH(A14,[1]ｾﾚﾓﾆｰ商品ship!A:A,0)), INDEX([2]NV!D:D,MATCH(A14,[2]NV!C:C,0)) ) ) ) ) ) ) ) ) ) -> ケミホタル75イエロー(2本入) 3枚ｾｯﾄ | C14: M | D14: =B14&" ｜ "&E14&"【"&F14&"】 ｜ "&C14 -> ケミホタル75イエロー(2本入) 3枚ｾｯﾄ ｜ 1F釣具部屋【04】 ｜ M | E14: =INDEX(K:K, MATCH(F14, J:J, 0)) -> 1F釣具部屋 | F14: 04 | G14: =F14&"・"&E14&C14 -> 04・1F釣具部屋M
A15: A00601 | B15: =IFERROR( INDEX([1]FSHIP!B:B,MATCH(A15,[1]FSHIP!A:A,0)), IFERROR( INDEX([1]釣具商品ship!B:B,MATCH(A15,[1]釣具商品ship!A:A,0)), IFERROR( INDEX([1]玩具商品ship!B:B,MATCH(A15,[1]玩具商品ship!A:A,0)), IFERROR( INDEX([1]OEMship!B:B,MATCH(A15,[1]OEMship!A:A,0)), IFERROR( INDEX([1]NV6ship!B:B,MATCH(A15,[1]NV6ship!A:A,0)), IFERROR( INDEX([1]NVship!B:B,MATCH(A15,[1]NVship!A:A,0)), IFERROR( INDEX([1]海ship!B:B,MATCH(A15,[1]海ship!A:A,0)), IFERROR( INDEX([1]ｾﾚship!B:B,MATCH(A15,[1]ｾﾚship!A:A,0)), IFERROR( INDEX([1]ｾﾚﾓﾆｰ商品ship!B:B,MATCH(A15,[1]ｾﾚﾓﾆｰ商品ship!A:A,0)), INDEX([2]NV!D:D,MATCH(A15,[2]NV!C:C,0)) ) ) ) ) ) ) ) ) ) -> ケミホタル１００ | C15: I | D15: =B15&" ｜ "&E15&"【"&F15&"】 ｜ "&C15 -> ケミホタル１００ ｜ 1F釣具部屋【04】 ｜ I | E15: =INDEX(K:K, MATCH(F15, J:J, 0)) -> 1F釣具部屋 | F15: 04 | G15: =F15&"・"&E15&C15 -> 04・1F釣具部屋I
A16: A00701 | B16: =IFERROR( INDEX([1]FSHIP!B:B,MATCH(A16,[1]FSHIP!A:A,0)), IFERROR( INDEX([1]釣具商品ship!B:B,MATCH(A16,[1]釣具商品ship!A:A,0)), IFERROR( INDEX([1]玩具商品ship!B:B,MATCH(A16,[1]玩具商品ship!A:A,0)), IFERROR( INDEX([1]OEMship!B:B,MATCH(A16,[1]OEMship!A:A,0)), IFERROR( INDEX([1]NV6ship!B:B,MATCH(A16,[1]NV6ship!A:A,0)), IFERROR( INDEX([1]NVship!B:B,MATCH(A16,[1]NVship!A:A,0)), IFERROR( INDEX([1]海ship!B:B,MATCH(A16,[1]海ship!A:A,0)), IFERROR( INDEX([1]ｾﾚship!B:B,MATCH(A16,[1]ｾﾚship!A:A,0)), IFERROR( INDEX([1]ｾﾚﾓﾆｰ商品ship!B:B,MATCH(A16,[1]ｾﾚﾓﾆｰ商品ship!A:A,0)), INDEX([2]NV!D:D,MATCH(A16,[2]NV!C:C,0)) ) ) ) ) ) ) ) ) ) -> ケミホタル１２０ | C16: I | D16: =B16&" ｜ "&E16&"【"&F16&"】 ｜ "&C16 -> ケミホタル１２０ ｜ 1F釣具部屋【04】 ｜ I | E16: =INDEX(K:K, MATCH(F16, J:J, 0)) -> 1F釣具部屋 | F16: 04 | G16: =F16&"・"&E16&C16 -> 04・1F釣具部屋I
A17: A01302 | B17: =IFERROR( INDEX([1]FSHIP!B:B,MATCH(A17,[1]FSHIP!A:A,0)), IFERROR( INDEX([1]釣具商品ship!B:B,MATCH(A17,[1]釣具商品ship!A:A,0)), IFERROR( INDEX([1]玩具商品ship!B:B,MATCH(A17,[1]玩具商品ship!A:A,0)), IFERROR( INDEX([1]OEMship!B:B,MATCH(A17,[1]OEMship!A:A,0)), IFERROR( INDEX([1]NV6ship!B:B,MATCH(A17,[1]NV6ship!A:A,0)), IFERROR( INDEX([1]NVship!B:B,MATCH(A17,[1]NVship!A:A,0)), IFERROR( INDEX([1]海ship!B:B,MATCH(A17,[1]海ship!A:A,0)), IFERROR( INDEX([1]ｾﾚship!B:B,MATCH(A17,[1]ｾﾚship!A:A,0)), IFERROR( INDEX([1]ｾﾚﾓﾆｰ商品ship!B:B,MATCH(A17,[1]ｾﾚﾓﾆｰ商品ship!A:A,0)), INDEX([2]NV!D:D,MATCH(A17,[2]NV!C:C,0)) ) ) ) ) ) ) ) ) ) -> からまんホタル（小） | C17: J | D17: =B17&" ｜ "&E17&"【"&F17&"】 ｜ "&C17 -> からまんホタル（小） ｜ 1F釣具部屋【04】 ｜ J | E17: =INDEX(K:K, MATCH(F17, J:J, 0)) -> 1F釣具部屋 | F17: 04 | G17: =F17&"・"&E17&C17 -> 04・1F釣具部屋J
A18: A01303 | B18: =IFERROR( INDEX([1]FSHIP!B:B,MATCH(A18,[1]FSHIP!A:A,0)), IFERROR( INDEX([1]釣具商品ship!B:B,MATCH(A18,[1]釣具商品ship!A:A,0)), IFERROR( INDEX([1]玩具商品ship!B:B,MATCH(A18,[1]玩具商品ship!A:A,0)), IFERROR( INDEX([1]OEMship!B:B,MATCH(A18,[1]OEMship!A:A,0)), IFERROR( INDEX([1]NV6ship!B:B,MATCH(A18,[1]NV6ship!A:A,0)), IFERROR( INDEX([1]NVship!B:B,MATCH(A18,[1]NVship!A:A,0)), IFERROR( INDEX([1]海ship!B:B,MATCH(A18,[1]海ship!A:A,0)), IFERROR( INDEX([1]ｾﾚship!B:B,MATCH(A18,[1]ｾﾚship!A:A,0)), IFERROR( INDEX([1]ｾﾚﾓﾆｰ商品ship!B:B,MATCH(A18,[1]ｾﾚﾓﾆｰ商品ship!A:A,0)), INDEX([2]NV!D:D,MATCH(A18,[2]NV!C:C,0)) ) ) ) ) ) ) ) ) ) -> からまんホタル（中） | C18: J | D18: =B18&" ｜ "&E18&"【"&F18&"】 ｜ "&C18 -> からまんホタル（中） ｜ 1F釣具部屋【04】 ｜ J | E18: =INDEX(K:K, MATCH(F18, J:J, 0)) -> 1F釣具部屋 | F18: 04 | G18: =F18&"・"&E18&C18 -> 04・1F釣具部屋J
A19: A01401 | B19: =IFERROR( INDEX([1]FSHIP!B:B,MATCH(A19,[1]FSHIP!A:A,0)), IFERROR( INDEX([1]釣具商品ship!B:B,MATCH(A19,[1]釣具商品ship!A:A,0)), IFERROR( INDEX([1]玩具商品ship!B:B,MATCH(A19,[1]玩具商品ship!A:A,0)), IFERROR( INDEX([1]OEMship!B:B,MATCH(A19,[1]OEMship!A:A,0)), IFERROR( INDEX([1]NV6ship!B:B,MATCH(A19,[1]NV6ship!A:A,0)), IFERROR( INDEX([1]NVship!B:B,MATCH(A19,[1]NVship!A:A,0)), IFERROR( INDEX([1]海ship!B:B,MATCH(A19,[1]海ship!A:A,0)), IFERROR( INDEX([1]ｾﾚship!B:B,MATCH(A19,[1]ｾﾚship!A:A,0)), IFERROR( INDEX([1]ｾﾚﾓﾆｰ商品ship!B:B,MATCH(A19,[1]ｾﾚﾓﾆｰ商品ship!A:A,0)), INDEX([2]NV!D:D,MATCH(A19,[2]NV!C:C,0)) ) ) ) ) ) ) ) ) ) -> ちもとホタル | C19: J | D19: =B19&" ｜ "&E19&"【"&F19&"】 ｜ "&C19 -> ちもとホタル ｜ 1F釣具部屋【04】 ｜ J | E19: =INDEX(K:K, MATCH(F19, J:J, 0)) -> 1F釣具部屋 | F19: 04 | G19: =F19&"・"&E19&C19 -> 04・1F釣具部屋J
A20: A01501 | B20: =IFERROR( INDEX([1]FSHIP!B:B,MATCH(A20,[1]FSHIP!A:A,0)), IFERROR( INDEX([1]釣具商品ship!B:B,MATCH(A20,[1]釣具商品ship!A:A,0)), IFERROR( INDEX([1]玩具商品ship!B:B,MATCH(A20,[1]玩具商品ship!A:A,0)), IFERROR( INDEX([1]OEMship!B:B,MATCH(A20,[1]OEMship!A:A,0)), IFERROR( INDEX([1]NV6ship!B:B,MATCH(A20,[1]NV6ship!A:A,0)), IFERROR( INDEX([1]NVship!B:B,MATCH(A20,[1]NVship!A:A,0)), IFERROR( INDEX([1]海ship!B:B,MATCH(A20,[1]海ship!A:A,0)), IFERROR( INDEX([1]ｾﾚship!B:B,MATCH(A20,[1]ｾﾚship!A:A,0)), IFERROR( INDEX([1]ｾﾚﾓﾆｰ商品ship!B:B,MATCH(A20,[1]ｾﾚﾓﾆｰ商品ship!A:A,0)), INDEX([2]NV!D:D,MATCH(A20,[2]NV!C:C,0)) ) ) ) ) ) ) ) ) ) -> ピタホタル | C20: J | D20: =B20&" ｜ "&E20&"【"&F20&"】 ｜ "&C20 -> ピタホタル ｜ 1F釣具部屋【04】 ｜ J | E20: =INDEX(K:K, MATCH(F20, J:J, 0)) -> 1F釣具部屋 | F20: 04 | G20: =F20&"・"&E20&C20 -> 04・1F釣具部屋J
A21: A01601 | B21: =IFERROR( INDEX([1]FSHIP!B:B,MATCH(A21,[1]FSHIP!A:A,0)), IFERROR( INDEX([1]釣具商品ship!B:B,MATCH(A21,[1]釣具商品ship!A:A,0)), IFERROR( INDEX([1]玩具商品ship!B:B,MATCH(A21,[1]玩具商品ship!A:A,0)), IFERROR( INDEX([1]OEMship!B:B,MATCH(A21,[1]OEMship!A:A,0)), IFERROR( INDEX([1]NV6ship!B:B,MATCH(A21,[1]NV6ship!A:A,0)), IFERROR( INDEX([1]NVship!B:B,MATCH(A21,[1]NVship!A:A,0)), IFERROR( INDEX([1]海ship!B:B,MATCH(A21,[1]海ship!A:A,0)), IFERROR( INDEX([1]ｾﾚship!B:B,MATCH(A21,[1]ｾﾚship!A:A,0)), IFERROR( INDEX([1]ｾﾚﾓﾆｰ商品ship!B:B,MATCH(A21,[1]ｾﾚﾓﾆｰ商品ship!A:A,0)), INDEX([2]NV!D:D,MATCH(A21,[2]NV!C:C,0)) ) ) ) ) ) ) ) ) ) -> アジホタル | C21: G | D21: =B21&" ｜ "&E21&"【"&F21&"】 ｜ "&C21 -> アジホタル ｜ 1F釣具部屋【04】 ｜ G | E21: =INDEX(K:K, MATCH(F21, J:J, 0)) -> 1F釣具部屋 | F21: 04 | G21: =F21&"・"&E21&C21 -> 04・1F釣具部屋G
A22: A01602 | B22: =IFERROR( INDEX([1]FSHIP!B:B,MATCH(A22,[1]FSHIP!A:A,0)), IFERROR( INDEX([1]釣具商品ship!B:B,MATCH(A22,[1]釣具商品ship!A:A,0)), IFERROR( INDEX([1]玩具商品ship!B:B,MATCH(A22,[1]玩具商品ship!A:A,0)), IFERROR( INDEX([1]OEMship!B:B,MATCH(A22,[1]OEMship!A:A,0)), IFERROR( INDEX([1]NV6ship!B:B,MATCH(A22,[1]NV6ship!A:A,0)), IFERROR( INDEX([1]NVship!B:B,MATCH(A22,[1]NVship!A:A,0)), IFERROR( INDEX([1]海ship!B:B,MATCH(A22,[1]海ship!A:A,0)), IFERROR( INDEX([1]ｾﾚship!B:B,MATCH(A22,[1]ｾﾚship!A:A,0)), IFERROR( INDEX([1]ｾﾚﾓﾆｰ商品ship!B:B,MATCH(A22,[1]ｾﾚﾓﾆｰ商品ship!A:A,0)), INDEX([2]NV!D:D,MATCH(A22,[2]NV!C:C,0)) ) ) ) ) ) ) ) ) ) -> アジホタル ブルー | C22: G | D22: =B22&" ｜ "&E22&"【"&F22&"】 ｜ "&C22 -> アジホタル ブルー ｜ 1F釣具部屋【04】 ｜ G | E22: =INDEX(K:K, MATCH(F22, J:J, 0)) -> 1F釣具部屋 | F22: 04 | G22: =F22&"・"&E22&C22 -> 04・1F釣具部屋G
... A818: V10211 | B818: =IFERROR( INDEX([1]FSHIP!B:B,MATCH(A818,[1]FSHIP!A:A,0)), IFERROR( INDEX([1]釣具商品ship!B:B,MATCH(A818,[1]釣具商品ship!A:A,0)), IFERROR( INDEX([1]玩具商品ship!B:B,MATCH(A818,[1]玩具商品ship!A:A,0)), IFERROR( INDEX([1]OEMship!B:B,MATCH(A818,[1]OEMship!A:A,0)), IFERROR( INDEX([1]NV6ship!B:B,MATCH(A818,[1]NV6ship!A:A,0)), IFERROR( INDEX([1]NVship!B:B,MATCH(A818,[1]NVship!A:A,0)), IFERROR( INDEX([1]海ship!B:B,MATCH(A818,[1]海ship!A:A,0)), IFERROR( INDEX([1]ｾﾚship!B:B,MATCH(A818,[1]ｾﾚship!A:A,0)), IFERROR( INDEX([1]ｾﾚﾓﾆｰ商品ship!B:B,MATCH(A818,[1]ｾﾚﾓﾆｰ商品ship!A:A,0)), INDEX([2]NV!D:D,MATCH(A818,[2]NV!C:C,0)) ) ) ) ) ) ) ) ) ) -> スプリングスナップ | C818: I-1 | D818: =B818&" ｜ "&E818&"【"&F818&"】 ｜ "&C818 -> スプリングスナップ ｜ 資材倉庫・Irod【11】 ｜ I-1 | E818: =INDEX(K:K, MATCH(F818, J:J, 0)) -> 資材倉庫・Irod | F818: 11 | G818: =F818&"・"&E818&C818 -> 11・資材倉庫・IrodI-1
A819: 大閃光ブレードディスプレイスタンド(LUMICA) | B819: 大閃光ブレードディスプレイスタンド(LUMICA) | C819: C-1 | D819: =B819&" ｜ "&E819&"【"&F819&"】 ｜ "&C819 -> 大閃光ブレードディスプレイスタンド(LUMICA) ｜ 1Fノベルティ【03】 ｜ C-1 | E819: =INDEX(K:K, MATCH(F819, J:J, 0)) -> 1Fノベルティ | F819: 03 | G819: =F819&"・"&E819&C819 -> 03・1FノベルティC-1
A820: A00213 | B820: =IFERROR( INDEX([1]FSHIP!B:B,MATCH(A820,[1]FSHIP!A:A,0)), IFERROR( INDEX([1]釣具商品ship!B:B,MATCH(A820,[1]釣具商品ship!A:A,0)), IFERROR( INDEX([1]玩具商品ship!B:B,MATCH(A820,[1]玩具商品ship!A:A,0)), IFERROR( INDEX([1]OEMship!B:B,MATCH(A820,[1]OEMship!A:A,0)), IFERROR( INDEX([1]NV6ship!B:B,MATCH(A820,[1]NV6ship!A:A,0)), IFERROR( INDEX([1]NVship!B:B,MATCH(A820,[1]NVship!A:A,0)), IFERROR( INDEX([1]海ship!B:B,MATCH(A820,[1]海ship!A:A,0)), IFERROR( INDEX([1]ｾﾚship!B:B,MATCH(A820,[1]ｾﾚship!A:A,0)), IFERROR( INDEX([1]ｾﾚﾓﾆｰ商品ship!B:B,MATCH(A820,[1]ｾﾚﾓﾆｰ商品ship!A:A,0)), INDEX([2]NV!D:D,MATCH(A820,[2]NV!C:C,0)) ) ) ) ) ) ) ) ) ) -> ケミホタル25レッド（2本入）3枚セット | C820: M | D820: =B820&" ｜ "&E820&"【"&F820&"】 ｜ "&C820 -> ケミホタル25レッド（2本入）3枚セット ｜ 1F釣具部屋【04】 ｜ M | E820: =INDEX(K:K, MATCH(F820, J:J, 0)) -> 1F釣具部屋 | F820: 04 | G820: =F820&"・"&E820&C820 -> 04・1F釣具部屋M
A821: A00313 | B821: =IFERROR( INDEX([1]FSHIP!B:B,MATCH(A821,[1]FSHIP!A:A,0)), IFERROR( INDEX([1]釣具商品ship!B:B,MATCH(A821,[1]釣具商品ship!A:A,0)), IFERROR( INDEX([1]玩具商品ship!B:B,MATCH(A821,[1]玩具商品ship!A:A,0)), IFERROR( INDEX([1]OEMship!B:B,MATCH(A821,[1]OEMship!A:A,0)), IFERROR( INDEX([1]NV6ship!B:B,MATCH(A821,[1]NV6ship!A:A,0)), IFERROR( INDEX([1]NVship!B:B,MATCH(A821,[1]NVship!A:A,0)), IFERROR( INDEX([1]海ship!B:B,MATCH(A821,[1]海ship!A:A,0)), IFERROR( INDEX([1]ｾﾚship!B:B,MATCH(A821,[1]ｾﾚship!A:A,0)), IFERROR( INDEX([1]ｾﾚﾓﾆｰ商品ship!B:B,MATCH(A821,[1]ｾﾚﾓﾆｰ商品ship!A:A,0)), INDEX([2]NV!D:D,MATCH(A821,[2]NV!C:C,0)) ) ) ) ) ) ) ) ) ) -> ケミホタル37レッド（2本入）3枚セット | C821: M | D821: =B821&" ｜ "&E821&"【"&F821&"】 ｜ "&C821 -> ケミホタル37レッド（2本入）3枚セット ｜ 1F釣具部屋【04】 ｜ M | E821: =INDEX(K:K, MATCH(F821, J:J, 0)) -> 1F釣具部屋 | F821: 04 | G821: =F821&"・"&E821&C821 -> 04・1F釣具部屋M
A822: A00413 | B822: =IFERROR( INDEX([1]FSHIP!B:B,MATCH(A822,[1]FSHIP!A:A,0)), IFERROR( INDEX([1]釣具商品ship!B:B,MATCH(A822,[1]釣具商品ship!A:A,0)), IFERROR( INDEX([1]玩具商品ship!B:B,MATCH(A822,[1]玩具商品ship!A:A,0)), IFERROR( INDEX([1]OEMship!B:B,MATCH(A822,[1]OEMship!A:A,0)), IFERROR( INDEX([1]NV6ship!B:B,MATCH(A822,[1]NV6ship!A:A,0)), IFERROR( INDEX([1]NVship!B:B,MATCH(A822,[1]NVship!A:A,0)), IFERROR( INDEX([1]海ship!B:B,MATCH(A822,[1]海ship!A:A,0)), IFERROR( INDEX([1]ｾﾚship!B:B,MATCH(A822,[1]ｾﾚship!A:A,0)), IFERROR( INDEX([1]ｾﾚﾓﾆｰ商品ship!B:B,MATCH(A822,[1]ｾﾚﾓﾆｰ商品ship!A:A,0)), INDEX([2]NV!D:D,MATCH(A822,[2]NV!C:C,0)) ) ) ) ) ) ) ) ) ) -> ケミホタル50レッド（2本入）3枚セット | C822: M | D822: =B822&" ｜ "&E822&"【"&F822&"】 ｜ "&C822 -> ケミホタル50レッド（2本入）3枚セット ｜ 1F釣具部屋【04】 ｜ M | E822: =INDEX(K:K, MATCH(F822, J:J, 0)) -> 1F釣具部屋 | F822: 04 | G822: =F822&"・"&E822&C822 -> 04・1F釣具部屋M
A823: A00513 | B823: =IFERROR( INDEX([1]FSHIP!B:B,MATCH(A823,[1]FSHIP!A:A,0)), IFERROR( INDEX([1]釣具商品ship!B:B,MATCH(A823,[1]釣具商品ship!A:A,0)), IFERROR( INDEX([1]玩具商品ship!B:B,MATCH(A823,[1]玩具商品ship!A:A,0)), IFERROR( INDEX([1]OEMship!B:B,MATCH(A823,[1]OEMship!A:A,0)), IFERROR( INDEX([1]NV6ship!B:B,MATCH(A823,[1]NV6ship!A:A,0)), IFERROR( INDEX([1]NVship!B:B,MATCH(A823,[1]NVship!A:A,0)), IFERROR( INDEX([1]海ship!B:B,MATCH(A823,[1]海ship!A:A,0)), IFERROR( INDEX([1]ｾﾚship!B:B,MATCH(A823,[1]ｾﾚship!A:A,0)), IFERROR( INDEX([1]ｾﾚﾓﾆｰ商品ship!B:B,MATCH(A823,[1]ｾﾚﾓﾆｰ商品ship!A:A,0)), INDEX([2]NV!D:D,MATCH(A823,[2]NV!C:C,0)) ) ) ) ) ) ) ) ) ) -> ケミホタル75レッド（2本入）3枚セット | C823: M | D823: =B823&" ｜ "&E823&"【"&F823&"】 ｜ "&C823 -> ケミホタル75レッド（2本入）3枚セット ｜ 1F釣具部屋【04】 ｜ M | E823: =INDEX(K:K, MATCH(F823, J:J, 0)) -> 1F釣具部屋 | F823: 04 | G823: =F823&"・"&E823&C823 -> 04・1F釣具部屋M
A824: A03203 | B824: =IFERROR( INDEX([1]FSHIP!B:B,MATCH(A824,[1]FSHIP!A:A,0)), IFERROR( INDEX([1]釣具商品ship!B:B,MATCH(A824,[1]釣具商品ship!A:A,0)), IFERROR( INDEX([1]玩具商品ship!B:B,MATCH(A824,[1]玩具商品ship!A:A,0)), IFERROR( INDEX([1]OEMship!B:B,MATCH(A824,[1]OEMship!A:A,0)), IFERROR( INDEX([1]NV6ship!B:B,MATCH(A824,[1]NV6ship!A:A,0)), IFERROR( INDEX([1]NVship!B:B,MATCH(A824,[1]NVship!A:A,0)), IFERROR( INDEX([1]海ship!B:B,MATCH(A824,[1]海ship!A:A,0)), IFERROR( INDEX([1]ｾﾚship!B:B,MATCH(A824,[1]ｾﾚship!A:A,0)), IFERROR( INDEX([1]ｾﾚﾓﾆｰ商品ship!B:B,MATCH(A824,[1]ｾﾚﾓﾆｰ商品ship!A:A,0)), INDEX([2]NV!D:D,MATCH(A824,[2]NV!C:C,0)) ) ) ) ) ) ) ) ) ) -> ウミホタル ビッグ レッド | C824: H | D824: =B824&" ｜ "&E824&"【"&F824&"】 ｜ "&C824 -> ウミホタル ビッグ レッド ｜ 1F釣具部屋【04】 ｜ H | E824: =INDEX(K:K, MATCH(F824, J:J, 0)) -> 1F釣具部屋 | F824: 04 | G824: =F824&"・"&E824&C824 -> 04・1F釣具部屋H
A825: C19200 | B825: =IFERROR( INDEX([1]FSHIP!B:B,MATCH(A825,[1]FSHIP!A:A,0)), IFERROR( INDEX([1]釣具商品ship!B:B,MATCH(A825,[1]釣具商品ship!A:A,0)), IFERROR( INDEX([1]玩具商品ship!B:B,MATCH(A825,[1]玩具商品ship!A:A,0)), IFERROR( INDEX([1]OEMship!B:B,MATCH(A825,[1]OEMship!A:A,0)), IFERROR( INDEX([1]NV6ship!B:B,MATCH(A825,[1]NV6ship!A:A,0)), IFERROR( INDEX([1]NVship!B:B,MATCH(A825,[1]NVship!A:A,0)), IFERROR( INDEX([1]海ship!B:B,MATCH(A825,[1]海ship!A:A,0)), IFERROR( INDEX([1]ｾﾚship!B:B,MATCH(A825,[1]ｾﾚship!A:A,0)), IFERROR( INDEX([1]ｾﾚﾓﾆｰ商品ship!B:B,MATCH(A825,[1]ｾﾚﾓﾆｰ商品ship!A:A,0)), INDEX([2]NV!D:D,MATCH(A825,[2]NV!C:C,0)) ) ) ) ) ) ) ) ) ) -> めじるしチャーム（タコ） | C825: L | D825: =B825&" ｜ "&E825&"【"&F825&"】 ｜ "&C825 -> めじるしチャーム（タコ） ｜ 1F釣具部屋【04】 ｜ L | E825: =INDEX(K:K, MATCH(F825, J:J, 0)) -> 1F釣具部屋 | F825: 04 | G825: =F825&"・"&E825&C825 -> 04・1F釣具部屋L
A826: C19201 | B826: =IFERROR( INDEX([1]FSHIP!B:B,MATCH(A826,[1]FSHIP!A:A,0)), IFERROR( INDEX([1]釣具商品ship!B:B,MATCH(A826,[1]釣具商品ship!A:A,0)), IFERROR( INDEX([1]玩具商品ship!B:B,MATCH(A826,[1]玩具商品ship!A:A,0)), IFERROR( INDEX([1]OEMship!B:B,MATCH(A826,[1]OEMship!A:A,0)), IFERROR( INDEX([1]NV6ship!B:B,MATCH(A826,[1]NV6ship!A:A,0)), IFERROR( INDEX([1]NVship!B:B,MATCH(A826,[1]NVship!A:A,0)), IFERROR( INDEX([1]海ship!B:B,MATCH(A826,[1]海ship!A:A,0)), IFERROR( INDEX([1]ｾﾚship!B:B,MATCH(A826,[1]ｾﾚship!A:A,0)), IFERROR( INDEX([1]ｾﾚﾓﾆｰ商品ship!B:B,MATCH(A826,[1]ｾﾚﾓﾆｰ商品ship!A:A,0)), INDEX([2]NV!D:D,MATCH(A826,[2]NV!C:C,0)) ) ) ) ) ) ) ) ) ) -> めじるしチャーム（鯵フライ） | C826: L | D826: =B826&" ｜ "&E826&"【"&F826&"】 ｜ "&C826 -> めじるしチャーム（鯵フライ） ｜ 1F釣具部屋【04】 ｜ L | E826: =INDEX(K:K, MATCH(F826, J:J, 0)) -> 1F釣具部屋 | F826: 04 | G826: =F826&"・"&E826&C826 -> 04・1F釣具部屋L
A827: C19202 | B827: =IFERROR( INDEX([1]FSHIP!B:B,MATCH(A827,[1]FSHIP!A:A,0)), IFERROR( INDEX([1]釣具商品ship!B:B,MATCH(A827,[1]釣具商品ship!A:A,0)), IFERROR( INDEX([1]玩具商品ship!B:B,MATCH(A827,[1]玩具商品ship!A:A,0)), IFERROR( INDEX([1]OEMship!B:B,MATCH(A827,[1]OEMship!A:A,0)), IFERROR( INDEX([1]NV6ship!B:B,MATCH(A827,[1]NV6ship!A:A,0)), IFERROR( INDEX([1]NVship!B:B,MATCH(A827,[1]NVship!A:A,0)), IFERROR( INDEX([1]海ship!B:B,MATCH(A827,[1]海ship!A:A,0)), IFERROR( INDEX([1]ｾﾚship!B:B,MATCH(A827,[1]ｾﾚship!A:A,0)), IFERROR( INDEX([1]ｾﾚﾓﾆｰ商品ship!B:B,MATCH(A827,[1]ｾﾚﾓﾆｰ商品ship!A:A,0)), INDEX([2]NV!D:D,MATCH(A827,[2]NV!C:C,0)) ) ) ) ) ) ) ) ) ) -> 豆アジ（片面）キーホルダー | C827: L | D827: =B827&" ｜ "&E827&"【"&F827&"】 ｜ "&C827 -> 豆アジ（片面）キーホルダー ｜ 1F釣具部屋【04】 ｜ L | E827: =INDEX(K:K, MATCH(F827, J:J, 0)) -> 1F釣具部屋 | F827: 04 | G827: =F827&"・"&E827&C827 -> 04・1F釣具部屋L
A828: C19203 | B828: =IFERROR( INDEX([1]FSHIP!B:B,MATCH(A828,[1]FSHIP!A:A,0)), IFERROR( INDEX([1]釣具商品ship!B:B,MATCH(A828,[1]釣具商品ship!A:A,0)), IFERROR( INDEX([1]玩具商品ship!B:B,MATCH(A828,[1]玩具商品ship!A:A,0)), IFERROR( INDEX([1]OEMship!B:B,MATCH(A828,[1]OEMship!A:A,0)), IFERROR( INDEX([1]NV6ship!B:B,MATCH(A828,[1]NV6ship!A:A,0)), IFERROR( INDEX([1]NVship!B:B,MATCH(A828,[1]NVship!A:A,0)), IFERROR( INDEX([1]海ship!B:B,MATCH(A828,[1]海ship!A:A,0)), IFERROR( INDEX([1]ｾﾚship!B:B,MATCH(A828,[1]ｾﾚship!A:A,0)), IFERROR( INDEX([1]ｾﾚﾓﾆｰ商品ship!B:B,MATCH(A828,[1]ｾﾚﾓﾆｰ商品ship!A:A,0)), INDEX([2]NV!D:D,MATCH(A828,[2]NV!C:C,0)) ) ) ) ) ) ) ) ) ) -> ニシンの頭（片面）キーホルダー | C828: L | D828: =B828&" ｜ "&E828&"【"&F828&"】 ｜ "&C828 -> ニシンの頭（片面）キーホルダー ｜ 1F釣具部屋【04】 ｜ L | E828: =INDEX(K:K, MATCH(F828, J:J, 0)) -> 1F釣具部屋 | F828: 04 | G828: =F828&"・"&E828&C828 -> 04・1F釣具部屋L
A829: C19204 | B829: =IFERROR( INDEX([1]FSHIP!B:B,MATCH(A829,[1]FSHIP!A:A,0)), IFERROR( INDEX([1]釣具商品ship!B:B,MATCH(A829,[1]釣具商品ship!A:A,0)), IFERROR( INDEX([1]玩具商品ship!B:B,MATCH(A829,[1]玩具商品ship!A:A,0)), IFERROR( INDEX([1]OEMship!B:B,MATCH(A829,[1]OEMship!A:A,0)), IFERROR( INDEX([1]NV6ship!B:B,MATCH(A829,[1]NV6ship!A:A,0)), IFERROR( INDEX([1]NVship!B:B,MATCH(A829,[1]NVship!A:A,0)), IFERROR( INDEX([1]海ship!B:B,MATCH(A829,[1]海ship!A:A,0)), IFERROR( INDEX([1]ｾﾚship!B:B,MATCH(A829,[1]ｾﾚship!A:A,0)), IFERROR( INDEX([1]ｾﾚﾓﾆｰ商品ship!B:B,MATCH(A829,[1]ｾﾚﾓﾆｰ商品ship!A:A,0)), INDEX([2]NV!D:D,MATCH(A829,[2]NV!C:C,0)) ) ) ) ) ) ) ) ) ) -> 焼秋刀魚の頭（両面）キーホルダー | C829: L | D829: =B829&" ｜ "&E829&"【"&F829&"】 ｜ "&C829 -> 焼秋刀魚の頭（両面）キーホルダー ｜ 1F釣具部屋【04】 ｜ L | E829: =INDEX(K:K, MATCH(F829, J:J, 0)) -> 1F釣具部屋 | F829: 04 | G829: =F829&"・"&E829&C829 -> 04・1F釣具部屋L
B830: =IFERROR( INDEX([1]FSHIP!B:B,MATCH(A830,[1]FSHIP!A:A,0)), IFERROR( INDEX([1]釣具商品ship!B:B,MATCH(A830,[1]釣具商品ship!A:A,0)), IFERROR( INDEX([1]玩具商品ship!B:B,MATCH(A830,[1]玩具商品ship!A:A,0)), IFERROR( INDEX([1]OEMship!B:B,MATCH(A830,[1]OEMship!A:A,0)), IFERROR( INDEX([1]NV6ship!B:B,MATCH(A830,[1]NV6ship!A:A,0)), IFERROR( INDEX([1]NVship!B:B,MATCH(A830,[1]NVship!A:A,0)), IFERROR( INDEX([1]海ship!B:B,MATCH(A830,[1]海ship!A:A,0)), IFERROR( INDEX([1]ｾﾚship!B:B,MATCH(A830,[1]ｾﾚship!A:A,0)), IFERROR( INDEX([1]ｾﾚﾓﾆｰ商品ship!B:B,MATCH(A830,[1]ｾﾚﾓﾆｰ商品ship!A:A,0)), INDEX([2]NV!D:D,MATCH(A830,[2]NV!C:C,0)) ) ) ) ) ) ) ) ) ) -> #N/A | D830: =B830&" ｜ "&E830&"【"&F830&"】 ｜ "&C830 -> #N/A | E830: =INDEX(K:K, MATCH(F830, J:J, 0)) -> #N/A | G830: =F830&"・"&E830&C830 -> #N/A
B831: =IFERROR( INDEX([1]FSHIP!B:B,MATCH(A831,[1]FSHIP!A:A,0)), IFERROR( INDEX([1]釣具商品ship!B:B,MATCH(A831,[1]釣具商品ship!A:A,0)), IFERROR( INDEX([1]玩具商品ship!B:B,MATCH(A831,[1]玩具商品ship!A:A,0)), IFERROR( INDEX([1]OEMship!B:B,MATCH(A831,[1]OEMship!A:A,0)), IFERROR( INDEX([1]NV6ship!B:B,MATCH(A831,[1]NV6ship!A:A,0)), IFERROR( INDEX([1]NVship!B:B,MATCH(A831,[1]NVship!A:A,0)), IFERROR( INDEX([1]海ship!B:B,MATCH(A831,[1]海ship!A:A,0)), IFERROR( INDEX([1]ｾﾚship!B:B,MATCH(A831,[1]ｾﾚship!A:A,0)), IFERROR( INDEX([1]ｾﾚﾓﾆｰ商品ship!B:B,MATCH(A831,[1]ｾﾚﾓﾆｰ商品ship!A:A,0)), INDEX([2]NV!D:D,MATCH(A831,[2]NV!C:C,0)) ) ) ) ) ) ) ) ) ) -> #N/A | D831: =B831&" ｜ "&E831&"【"&F831&"】 ｜ "&C831 -> #N/A | E831: =INDEX(K:K, MATCH(F831, J:J, 0)) -> #N/A | G831: =F831&"・"&E831&C831 -> #N/A
B832: =IFERROR( INDEX([1]FSHIP!B:B,MATCH(A832,[1]FSHIP!A:A,0)), IFERROR( INDEX([1]釣具商品ship!B:B,MATCH(A832,[1]釣具商品ship!A:A,0)), IFERROR( INDEX([1]玩具商品ship!B:B,MATCH(A832,[1]玩具商品ship!A:A,0)), IFERROR( INDEX([1]OEMship!B:B,MATCH(A832,[1]OEMship!A:A,0)), IFERROR( INDEX([1]NV6ship!B:B,MATCH(A832,[1]NV6ship!A:A,0)), IFERROR( INDEX([1]NVship!B:B,MATCH(A832,[1]NVship!A:A,0)), IFERROR( INDEX([1]海ship!B:B,MATCH(A832,[1]海ship!A:A,0)), IFERROR( INDEX([1]ｾﾚship!B:B,MATCH(A832,[1]ｾﾚship!A:A,0)), IFERROR( INDEX([1]ｾﾚﾓﾆｰ商品ship!B:B,MATCH(A832,[1]ｾﾚﾓﾆｰ商品ship!A:A,0)), INDEX([2]NV!D:D,MATCH(A832,[2]NV!C:C,0)) ) ) ) ) ) ) ) ) ) -> #N/A | D832: =B832&" ｜ "&E832&"【"&F832&"】 ｜ "&C832 -> #N/A | E832: =INDEX(K:K, MATCH(F832, J:J, 0)) -> #N/A | G832: =F832&"・"&E832&C832 -> #N/A
B833: =IFERROR( INDEX([1]FSHIP!B:B,MATCH(A833,[1]FSHIP!A:A,0)), IFERROR( INDEX([1]釣具商品ship!B:B,MATCH(A833,[1]釣具商品ship!A:A,0)), IFERROR( INDEX([1]玩具商品ship!B:B,MATCH(A833,[1]玩具商品ship!A:A,0)), IFERROR( INDEX([1]OEMship!B:B,MATCH(A833,[1]OEMship!A:A,0)), IFERROR( INDEX([1]NV6ship!B:B,MATCH(A833,[1]NV6ship!A:A,0)), IFERROR( INDEX([1]NVship!B:B,MATCH(A833,[1]NVship!A:A,0)), IFERROR( INDEX([1]海ship!B:B,MATCH(A833,[1]海ship!A:A,0)), IFERROR( INDEX([1]ｾﾚship!B:B,MATCH(A833,[1]ｾﾚship!A:A,0)), IFERROR( INDEX([1]ｾﾚﾓﾆｰ商品ship!B:B,MATCH(A833,[1]ｾﾚﾓﾆｰ商品ship!A:A,0)), INDEX([2]NV!D:D,MATCH(A833,[2]NV!C:C,0)) ) ) ) ) ) ) ) ) ) -> #N/A | D833: =B833&" ｜ "&E833&"【"&F833&"】 ｜ "&C833 -> #N/A | E833: =INDEX(K:K, MATCH(F833, J:J, 0)) -> #N/A | G833: =F833&"・"&E833&C833 -> #N/A
B834: =IFERROR( INDEX([1]FSHIP!B:B,MATCH(A834,[1]FSHIP!A:A,0)), IFERROR( INDEX([1]釣具商品ship!B:B,MATCH(A834,[1]釣具商品ship!A:A,0)), IFERROR( INDEX([1]玩具商品ship!B:B,MATCH(A834,[1]玩具商品ship!A:A,0)), IFERROR( INDEX([1]OEMship!B:B,MATCH(A834,[1]OEMship!A:A,0)), IFERROR( INDEX([1]NV6ship!B:B,MATCH(A834,[1]NV6ship!A:A,0)), IFERROR( INDEX([1]NVship!B:B,MATCH(A834,[1]NVship!A:A,0)), IFERROR( INDEX([1]海ship!B:B,MATCH(A834,[1]海ship!A:A,0)), IFERROR( INDEX([1]ｾﾚship!B:B,MATCH(A834,[1]ｾﾚship!A:A,0)), IFERROR( INDEX([1]ｾﾚﾓﾆｰ商品ship!B:B,MATCH(A834,[1]ｾﾚﾓﾆｰ商品ship!A:A,0)), INDEX([2]NV!D:D,MATCH(A834,[2]NV!C:C,0)) ) ) ) ) ) ) ) ) ) -> #N/A | D834: =B834&" ｜ "&E834&"【"&F834&"】 ｜ "&C834 -> #N/A | E834: =INDEX(K:K, MATCH(F834, J:J, 0)) -> #N/A | G834: =F834&"・"&E834&C834 -> #N/A
B835: =IFERROR( INDEX([1]FSHIP!B:B,MATCH(A835,[1]FSHIP!A:A,0)), IFERROR( INDEX([1]釣具商品ship!B:B,MATCH(A835,[1]釣具商品ship!A:A,0)), IFERROR( INDEX([1]玩具商品ship!B:B,MATCH(A835,[1]玩具商品ship!A:A,0)), IFERROR( INDEX([1]OEMship!B:B,MATCH(A835,[1]OEMship!A:A,0)), IFERROR( INDEX([1]NV6ship!B:B,MATCH(A835,[1]NV6ship!A:A,0)), IFERROR( INDEX([1]NVship!B:B,MATCH(A835,[1]NVship!A:A,0)), IFERROR( INDEX([1]海ship!B:B,MATCH(A835,[1]海ship!A:A,0)), IFERROR( INDEX([1]ｾﾚship!B:B,MATCH(A835,[1]ｾﾚship!A:A,0)), IFERROR( INDEX([1]ｾﾚﾓﾆｰ商品ship!B:B,MATCH(A835,[1]ｾﾚﾓﾆｰ商品ship!A:A,0)), INDEX([2]NV!D:D,MATCH(A835,[2]NV!C:C,0)) ) ) ) ) ) ) ) ) ) -> #N/A | D835: =B835&" ｜ "&E835&"【"&F835&"】 ｜ "&C835 -> #N/A | E835: =INDEX(K:K, MATCH(F835, J:J, 0)) -> #N/A | G835: =F835&"・"&E835&C835 -> #N/A
